playerid;teamid;isloaned
258378;245;0
260162;229;0
266127;13;0
266815;1943;0
268421;18;0
272781;32;0
278661;247;0
263765;21;0
263828;607;0
265526;1809;0
275050;231;0
263370;76;0
268259;169;0
272785;69;0
267861;189;0
271574;10;0
271575;55;1
274516;1808;1
270579;18;0
277755;681;0
269186;457;0
269292;234;0
271362;2;1
272602;44;1
274952;1824;0
276682;110374;0
277869;1925;0
266253;237;0
269495;1808;1
271917;231;0
273621;1808;1
269084;10029;0
270465;36;0
273616;1799;0
263193;112172;0
270208;18;0
271800;1808;0
272834;73;0
272978;5;0
274246;13;0
275048;106;0
278046;241;0
262863;112172;0
269859;112172;1
270673;73;0
271421;73;0
272505;243;0
272926;18;0
275324;1745;0
277482;246;0
277846;1745;0
242879;112172;0
252552;280;0
260599;236;0
262138;112172;0
264238;461;0
264388;483;0
264846;1;0
266096;234;0
266436;461;0
268896;1824;0
270077;175;0
270531;237;0
272500;1808;0
275298;21;0
250753;234;0
254262;237;0
256948;231;0
257186;47;0
259377;1799;0
259565;44;0
259913;101059;1
260592;11;0
261050;45;0
264862;69;0
265450;112172;0
265576;1831;0
265695;52;0
268611;231;0
270050;69;0
270086;234;0
271032;673;0
273018;5;0
274288;245;0
277581;236;0
277797;605;0
247172;112139;1
252037;22;0
254088;11;0
258498;1808;0
258729;236;0
259848;457;0
259868;18;0
264172;481;0
264298;9;0
264432;449;0
267976;453;0
272612;1808;0
247649;7;0
255558;681;0
256261;13;0
258432;100409;0
258781;73;0
259356;22;0
259480;247;0
259633;393;0
262088;65;0
262859;5;0
263063;10;0
263268;1903;0
263887;21;0
277295;10;0
248465;2;0
252144;237;0
254796;1;0
257075;169;0
257400;1808;0
257504;95;1
257711;1;0
258139;245;0
265578;483;0
271755;481;0
277244;48;1
250789;14;0
251223;247;0
252259;112387;0
255001;46;0
255303;1842;0
255434;76;0
267680;95;0
267991;1745;0
270559;65;0
270633;247;0
271121;1796;0
271132;1438;0
272874;78;0
273651;32;0
273883;54;0
274445;191;0
277439;130015;0
278012;1516;0
242453;1925;0
246683;481;0
255009;245;0
256476;72;0
257057;2;0
257368;280;0
257470;13;0
258906;8;0
259233;450;0
260779;106;0
260815;110062;0
260926;1925;0
261299;1943;0
264293;106;0
264701;457;0
244728;246;0
245637;1808;0
246618;10029;0
246672;457;0
251810;106;0
255928;86;0
255971;280;0
256632;44;0
256782;76;0
257919;23;0
258937;479;0
259399;11;1
260145;14;0
260651;896;0
260952;234;0
262221;246;0
262659;25;0
262842;1745;0
263575;452;0
269278;1808;0
270206;8;1
271019;189;0
271464;110062;0
272777;1796;0
275208;76;0
277426;231;0
277708;448;0
266500;189;0
268763;66;0
269271;205;0
270301;481;0
270995;673;0
270997;64;0
271573;10032;0
276695;17;0
277252;234;0
253444;14;0
255272;175;0
256402;7;0
256769;1943;0
257084;1796;0
257167;1792;0
258775;457;0
261654;452;0
263439;78;0
263836;111592;0
264288;1906;0
251954;19;0
253004;241;1
253054;12;0
253130;448;0
256725;1925;0
257073;36;0
257090;76;0
258171;1796;0
259170;110;0
259306;100409;0
259714;25;1
260407;1824;0
260523;694;0
260876;191;0
261616;74;0
262042;1796;0
262510;457;0
264330;266;0
264422;71;0
247463;69;0
230918;5;0
226754;130017;0
228174;78;0
235661;681;0
236830;112390;0
237034;449;0
239810;86;0
234569;234;1
236804;64;1
238756;110;0
240734;1808;1
240913;1925;0
241187;112172;1
241707;483;0
243057;14;0
243657;7;0
243702;18;0
244973;111592;0
246565;1943;0
246871;2;1
248484;1925;0
248695;5;0
248793;1808;0
251377;1896;0
251421;18;0
251479;1808;0
252064;110062;1
253306;11;0
254566;175;0
255223;1943;0
255654;45;0
255854;457;1
256612;1943;0
257191;8;0
257278;1824;0
257784;111592;0
257876;112172;0
258444;2;0
258908;1808;0
258911;110;0
263617;448;0
263781;69;0
263880;448;1
266097;237;0
269626;1943;0
270571;325;0
73562;112139;0
228383;175;0
235633;72;0
238186;111592;0
239892;325;0
240277;47;0
241508;1925;0
241509;247;0
241811;457;0
241854;54;0
242238;55;0
242444;112139;0
242816;697;0
243627;111674;0
243923;483;0
245155;18;0
247679;32;1
250955;21;0
251804;247;0
252802;325;0
252929;236;0
253072;605;0
254548;72;0
254551;483;0
255566;453;0
256325;245;0
256903;73;0
257980;14;0
258466;453;0
258885;483;0
258966;45;0
259197;5;1
261264;468;0
262402;483;0
262880;231;0
262881;234;0
263205;325;0
264697;175;0
266160;472;0
266797;112391;0
266872;45;0
268804;46;0
269493;65;0
273463;110;0
274536;72;0
277537;449;0
206585;1;0
207421;1;0
210697;1;0
220901;1;0
225193;1;0
227813;1;1
230666;1;0
231936;1;0
232580;1;0
234378;1;0
235794;1;0
241651;1;0
243715;1;0
248148;1;0
251805;1;0
256197;32;1
256958;1;1
265693;1;1
222665;1;0
231448;1;1
235790;1;0
246669;1;0
248732;1;1
251566;1;0
225793;39;1
251470;39;0
252154;39;0
255611;39;1
257785;39;1
262113;39;0
265188;39;0
266304;39;1
271577;39;1
277839;39;0
194894;39;0
207993;39;0
208165;39;0
208461;39;0
216065;39;0
216150;39;0
223273;39;0
226710;39;0
239368;39;0
246875;39;0
247229;39;0
253002;39;0
255529;39;1
256035;39;0
256115;39;0
260697;39;0
266866;39;0
271399;39;1
279529;39;1
193747;240;0
213565;240;1
230899;240;0
233486;240;0
245371;240;0
246191;240;0
253396;240;0
257279;240;0
194765;240;0
200389;240;0
214979;240;0
216460;240;0
216549;240;0
220440;240;0
226161;240;0
233084;240;0
247103;240;0
251136;240;1
256058;240;1
259516;240;0
259584;240;0
266039;240;0
272449;240;0
192448;241;1
231677;11;1
233419;241;0
241461;241;0
241486;241;0
244260;241;0
245037;241;0
246139;241;1
251854;241;0
259532;241;0
277179;241;0
277643;241;0
186153;241;0
188545;241;0
210514;605;1
213661;241;0
228702;241;0
253163;241;0
263578;241;0
264240;241;0
265600;241;0
225375;21;0
167495;21;0
186569;21;0
202126;21;0
206113;21;0
209658;21;0
209889;21;0
212622;21;0
213331;21;0
223885;21;1
229558;21;0
234205;21;0
234396;21;0
237086;21;0
241084;21;0
247827;21;0
248266;21;0
256790;21;0
266236;21;1
277823;21;1
222104;5;0
228789;5;0
229942;5;1
239231;5;0
242578;5;0
247090;5;0
252042;5;0
256079;5;0
257534;5;0
258485;5;0
259031;5;0
259307;5;0
260942;5;1
274559;5;1
238074;5;0
238616;5;0
248158;5;0
261530;5;0
263620;5;0
266032;5;0
266605;5;0
268438;5;0
215441;22;0
229891;22;0
247819;22;0
204923;22;0
208333;22;0
210772;22;0
212190;22;0
212194;22;0
224196;22;0
229476;22;0
235073;22;0
235407;22;0
241050;22;0
246863;22;0
248478;22;1
251852;22;0
254117;22;0
259075;22;0
262105;22;1
270964;22;0
177683;44;0
184392;44;0
192883;44;0
210406;44;0
219715;44;0
226268;44;0
228093;44;0
233096;44;0
239807;44;0
243311;44;0
258648;44;0
264699;44;1
268534;44;0
268558;44;1
198176;44;0
199845;44;0
208128;44;0
224232;44;0
229237;10;1
231478;44;0
237383;44;0
241736;44;0
247888;44;1
211320;45;1
222077;45;0
224422;72;1
231512;45;0
236499;45;1
239580;45;0
240690;45;1
246656;189;1
257290;45;1
268802;45;0
189342;45;0
198009;45;0
205175;45;0
208574;45;0
235840;45;0
238744;45;0
239763;45;0
240679;45;0
243580;112172;1
243630;45;0
246430;45;0
247246;45;0
251870;45;0
276804;45;1
277954;45;0
223550;23;1
236786;32;0
264219;32;0
268622;32;1
270033;32;0
204092;32;0
208618;32;0
210035;32;0
210324;32;0
210366;32;0
211738;32;0
212242;32;0
228813;32;0
231521;32;0
234236;32;0
237328;32;0
247263;32;0
255106;32;0
256853;32;0
261360;32;1
262151;32;0
275028;32;0
212831;9;0
242434;9;0
257289;9;0
203376;9;0
209331;9;0
216267;9;0
222514;9;0
225100;9;0
232487;9;0
233731;9;0
235805;9;0
236772;9;0
237678;9;0
239837;9;0
242516;9;0
246104;9;0
246174;9;1
247601;9;0
253149;9;0
253428;9;1
256630;9;0
260908;9;0
262621;9;0
271975;9;0
278104;9;1
205988;11;0
233064;11;0
240243;11;0
277432;11;0
163264;11;0
200145;11;0
203263;11;0
212198;11;0
226753;11;1
233049;11;1
234574;11;0
235243;11;0
236401;11;0
238041;11;0
239301;11;0
243014;11;0
243647;11;0
250961;11;0
269087;11;0
269136;11;0
224081;10;1
241159;10;0
251570;10;0
253052;10;1
276528;10;1
203574;10;0
204246;10;0
206517;10;1
207410;10;0
208920;10;0
218667;10;0
230621;10;0
231866;10;0
237692;10;0
239085;10;0
239818;10;0
240638;10;0
241236;10;0
242641;10;0
246420;10;0
251517;10;0
253124;10;0
255069;10;0
256675;10;0
270409;10;0
277031;10;0
210008;47;0
215698;47;0
242664;47;0
253473;47;0
254840;47;0
257353;47;1
177003;47;0
201153;47;1
205431;19;1
205812;47;0
213666;47;0
227796;47;0
232411;47;0
232756;47;0
237942;47;0
241721;47;0
245152;47;0
245630;47;0
246172;47;1
252060;47;1
253177;47;1
256899;47;1
265774;47;0
271579;47;1
278928;47;1
200752;48;0
202884;48;0
246457;48;1
192505;48;0
192985;48;0
216409;48;0
216435;48;0
216816;48;1
217870;48;0
220532;48;0
224836;54;1
225116;48;0
227236;48;0
236632;48;0
237238;48;0
237669;48;1
239380;48;1
239679;48;0
240716;48;0
241390;112172;1
243241;48;0
244263;48;0
244472;48;1
245741;48;1
245992;48;0
261865;48;0
262394;48;0
268511;48;1
268656;48;1
268683;48;1
207650;13;0
223334;13;0
233934;17;1
241096;13;0
247851;13;0
163600;13;0
186345;13;0
198032;13;0
198039;13;0
203841;13;0
206085;13;0
210047;13;0
211990;13;1
218659;13;1
234742;13;0
234824;13;0
237329;13;0
242964;13;0
246923;13;0
251809;13;0
262118;13;0
240702;280;1
208364;66;0
210372;66;0
211256;66;0
219683;66;0
220093;74;1
225263;66;1
225782;66;0
225859;66;0
233267;66;1
234078;66;0
234371;66;0
246947;66;1
247050;66;0
256420;66;0
256970;267;1
262102;66;0
263139;66;0
263815;66;0
264325;66;1
265459;66;0
201455;219;0
211784;219;1
215316;219;0
223143;219;1
240507;219;1
240753;219;0
240787;1943;1
242835;219;0
246297;219;0
188567;219;0
210736;219;0
213648;219;0
226851;44;1
232097;219;1
237841;219;0
239559;219;0
241496;45;1
243009;219;1
244749;219;0
246147;219;0
251806;219;0
256669;219;1
264401;219;1
271400;219;0
278095;219;0
237679;73;1
240225;73;0
251752;73;0
252145;73;0
207865;73;0
220814;73;0
226271;73;0
231443;73;0
235212;73;0
243780;73;0
247635;73;0
255253;73;0
256196;73;0
264652;73;0
279709;73;0
197445;243;0
228618;243;0
231281;243;0
231410;243;0
243812;243;0
243952;243;0
246606;243;0
248243;243;0
252371;243;0
268889;243;0
278349;243;0
192119;243;0
204963;243;0
205452;243;0
222509;243;0
231747;243;0
238794;243;0
239053;243;0
240130;243;0
241637;243;0
264309;243;0
190813;52;0
208268;52;0
211110;52;0
224490;52;0
228251;52;0
229582;52;0
229668;52;0
231447;2;1
232223;9;1
236403;52;0
242458;52;0
245426;52;1
250723;52;0
258826;52;0
259608;1808;1
268728;52;1
271916;21;1
211515;52;0
220651;52;0
230872;52;0
233189;52;0
239964;52;1
246688;52;1
262745;52;0
269312;52;1
229391;21;1
232488;18;0
236480;18;0
237985;18;0
240091;18;0
261025;18;1
205923;18;0
220697;18;0
225539;18;0
227535;18;0
231943;18;0
236568;18;0
238216;18;0
245367;18;0
246791;18;1
247394;18;0
259583;18;0
260105;18;0
264180;18;1
264453;18;0
264731;18;1
269176;18;1
